{"masterVolume":0.0,"bgmVolume":-26.61178970336914,"effectVolume":-16.360401153564454}